"v_1_1";0;"Ikke valgt"
"v_1_1";1;"Valgt"
"v_1_2";0;"Ikke valgt"
"v_1_2";1;"Valgt"
"v_1_3";0;"Ikke valgt"
"v_1_3";1;"Valgt"
"v_1_4";0;"Ikke valgt"
"v_1_4";1;"Valgt"
"v_1_5";0;"Ikke valgt"
"v_1_5";1;"Valgt"
"v_1_6";0;"Ikke valgt"
"v_1_6";1;"Valgt"
"v_1_7";0;"Ikke valgt"
"v_1_7";1;"Valgt"
"v_1_8";0;"Ikke valgt"
"v_1_8";1;"Valgt"
"v_1_9";0;"Ikke valgt"
"v_1_9";1;"Valgt"
"v_1_10";0;"Ikke valgt"
"v_1_10";1;"Valgt"
"v_1_11";0;"Ikke valgt"
"v_1_11";1;"Valgt"
"v_1_12";0;"Ikke valgt"
"v_1_12";1;"Valgt"
"v_1_13";0;"Ikke valgt"
"v_1_13";1;"Valgt"
"v_1_14";0;"Ikke valgt"
"v_1_14";1;"Valgt"
"v_1_15";0;"Ikke valgt"
"v_1_15";1;"Valgt"
"v_1_16";0;"Ikke valgt"
"v_1_16";1;"Valgt"
"s_2";1;"Idrettsfag "
"s_2";2;"Kunst, design og arkitektur"
"s_2";3;"Medier og kommunikasjon "
"s_2";4;"Musikk, dans og drama "
"s_2";5;"Studiespesialisering "
"s_2";6;"Annet, spesifiser:"
"s_4_1";0;"Ikke valgt"
"s_4_1";1;"Valgt"
"s_4_2";0;"Ikke valgt"
"s_4_2";1;"Valgt"
"s_4_3";0;"Ikke valgt"
"s_4_3";1;"Valgt"
"s_6";5;"Da jeg gikk på barneskolen "
"s_6";1;"I løpet av ungdomsskolen    "
"s_6";3;"Høsthalvåret på Vg1    "
"s_6";4;"Vårhalvåret på Vg1    "
"s_6";7;"På min skole har man ikke mulighet til å velge programområde "
"s_6";6;"Vet ikke    "
"s_6";8;"Annet, beskriv:                        "
"m_1";1;"Matematikk 1T"
"m_1";2;"Matematikk 1P"
"s_11_1";0;"Ikke valgt"
"s_11_1";1;"Valgt"
"s_11_2";0;"Ikke valgt"
"s_11_2";1;"Valgt"
"s_11_3";0;"Ikke valgt"
"s_11_3";1;"Valgt"
"s_11_4";0;"Ikke valgt"
"s_11_4";1;"Valgt"
"s_11_5";0;"Ikke valgt"
"s_11_5";1;"Valgt"
"s_11_6";0;"Ikke valgt"
"s_11_6";1;"Valgt"
"s_11_7";0;"Ikke valgt"
"s_11_7";1;"Valgt"
"s_11_8";0;"Ikke valgt"
"s_11_8";1;"Valgt"
"s_11_9";0;"Ikke valgt"
"s_11_9";1;"Valgt"
"s_11_10";0;"Ikke valgt"
"s_11_10";1;"Valgt"
"p_01";1;"Har faget dette skoleåret"
"p_01";2;"Hadde på VG 1"
"p_01";3;"Skal velge neste skoleår"
"p_01";4;"Tilbys ikke på skolen"
"p_01";5;"Har ikke bestemt meg"
"p_02";1;"Har faget dette skoleåret"
"p_02";2;"Hadde på VG 1"
"p_02";3;"Skal velge neste skoleår"
"p_02";4;"Tilbys ikke på skolen"
"p_02";5;"Har ikke bestemt meg"
"p_03";1;"Har faget dette skoleåret"
"p_03";2;"Hadde på VG 1"
"p_03";3;"Skal velge neste skoleår"
"p_03";4;"Tilbys ikke på skolen"
"p_03";5;"Har ikke bestemt meg"
"p_04";1;"Har faget dette skoleåret"
"p_04";2;"Hadde på VG 1"
"p_04";3;"Skal velge neste skoleår"
"p_04";4;"Tilbys ikke på skolen"
"p_04";5;"Har ikke bestemt meg"
"p_05";1;"Har faget dette skoleåret"
"p_05";2;"Hadde på VG 1"
"p_05";3;"Skal velge neste skoleår"
"p_05";4;"Tilbys ikke på skolen"
"p_05";5;"Har ikke bestemt meg"
"p_06";1;"Har faget dette skoleåret"
"p_06";2;"Hadde på VG 1"
"p_06";3;"Skal velge neste skoleår"
"p_06";4;"Tilbys ikke på skolen"
"p_06";5;"Har ikke bestemt meg"
"p_07";1;"Har faget dette skoleåret"
"p_07";2;"Hadde på VG 1"
"p_07";3;"Skal velge neste skoleår"
"p_07";4;"Tilbys ikke på skolen"
"p_07";5;"Har ikke bestemt meg"
"p_08";1;"Har faget dette skoleåret"
"p_08";2;"Hadde på VG 1"
"p_08";3;"Skal velge neste skoleår"
"p_08";4;"Tilbys ikke på skolen"
"p_08";5;"Har ikke bestemt meg"
"p_09";1;"Har faget dette skoleåret"
"p_09";2;"Hadde på VG 1"
"p_09";3;"Skal velge neste skoleår"
"p_09";4;"Tilbys ikke på skolen"
"p_09";5;"Har ikke bestemt meg"
"p_10";1;"Har faget dette skoleåret"
"p_10";2;"Hadde på VG 1"
"p_10";3;"Skal velge neste skoleår"
"p_10";4;"Tilbys ikke på skolen"
"p_10";5;"Har ikke bestemt meg"
"p_11";1;"Har faget dette skoleåret"
"p_11";2;"Hadde på VG 1"
"p_11";3;"Skal velge neste skoleår"
"p_11";4;"Tilbys ikke på skolen"
"p_11";5;"Har ikke bestemt meg"
"p_12";1;"Har faget dette skoleåret"
"p_12";2;"Hadde på VG 1"
"p_12";3;"Skal velge neste skoleår"
"p_12";4;"Tilbys ikke på skolen"
"p_12";5;"Har ikke bestemt meg"
"p_13";1;"Har faget dette skoleåret"
"p_13";2;"Hadde på VG 1"
"p_13";3;"Skal velge neste skoleår"
"p_13";4;"Tilbys ikke på skolen"
"p_13";5;"Har ikke bestemt meg"
"p_14";1;"Har faget dette skoleåret"
"p_14";2;"Hadde på VG 1"
"p_14";3;"Skal velge neste skoleår"
"p_14";4;"Tilbys ikke på skolen"
"p_14";5;"Har ikke bestemt meg"
"p_15";1;"Har faget dette skoleåret"
"p_15";2;"Hadde på VG 1"
"p_15";3;"Skal velge neste skoleår"
"p_15";4;"Tilbys ikke på skolen"
"p_15";5;"Har ikke bestemt meg"
"p_16";1;"Har faget dette skoleåret"
"p_16";2;"Hadde på VG 1"
"p_16";3;"Skal velge neste skoleår"
"p_16";4;"Tilbys ikke på skolen"
"p_16";5;"Har ikke bestemt meg"
"p_17";1;"Har faget dette skoleåret"
"p_17";2;"Hadde på VG 1"
"p_17";3;"Skal velge neste skoleår"
"p_17";4;"Tilbys ikke på skolen"
"p_17";5;"Har ikke bestemt meg"
"p_18";1;"Har faget dette skoleåret"
"p_18";2;"Hadde på VG 1"
"p_18";3;"Skal velge neste skoleår"
"p_18";4;"Tilbys ikke på skolen"
"p_18";5;"Har ikke bestemt meg"
"p_19";1;"Har faget dette skoleåret"
"p_19";2;"Hadde på VG 1"
"p_19";3;"Skal velge neste skoleår"
"p_19";4;"Tilbys ikke på skolen"
"p_19";5;"Har ikke bestemt meg"
"p_20";1;"Har faget dette skoleåret"
"p_20";2;"Hadde på VG 1"
"p_20";3;"Skal velge neste skoleår"
"p_20";4;"Tilbys ikke på skolen"
"p_20";5;"Har ikke bestemt meg"
"p_21";1;"Har faget dette skoleåret"
"p_21";2;"Hadde på VG 1"
"p_21";3;"Skal velge neste skoleår"
"p_21";4;"Tilbys ikke på skolen"
"p_21";5;"Har ikke bestemt meg"
"p_22";1;"Har faget dette skoleåret"
"p_22";2;"Hadde på VG 1"
"p_22";3;"Skal velge neste skoleår"
"p_22";4;"Tilbys ikke på skolen"
"p_22";5;"Har ikke bestemt meg"
"p_23";1;"Har faget dette skoleåret"
"p_23";2;"Hadde på VG 1"
"p_23";3;"Skal velge neste skoleår"
"p_23";4;"Tilbys ikke på skolen"
"p_23";5;"Har ikke bestemt meg"
"p_24";1;"Har faget dette skoleåret"
"p_24";2;"Hadde på VG 1"
"p_24";3;"Skal velge neste skoleår"
"p_24";4;"Tilbys ikke på skolen"
"p_24";5;"Har ikke bestemt meg"
"p_25";1;"Har faget dette skoleåret"
"p_25";2;"Hadde på VG 1"
"p_25";3;"Skal velge neste skoleår"
"p_25";4;"Tilbys ikke på skolen"
"p_25";5;"Har ikke bestemt meg"
"p_26";1;"Har faget dette skoleåret"
"p_26";2;"Hadde på VG 1"
"p_26";3;"Skal velge neste skoleår"
"p_26";4;"Tilbys ikke på skolen"
"p_26";5;"Har ikke bestemt meg"
"p_27";1;"Har faget dette skoleåret"
"p_27";2;"Hadde på VG 1"
"p_27";3;"Skal velge neste skoleår"
"p_27";4;"Tilbys ikke på skolen"
"p_27";5;"Har ikke bestemt meg"
"p_28";1;"Har faget dette skoleåret"
"p_28";2;"Hadde på VG 1"
"p_28";3;"Skal velge neste skoleår"
"p_28";4;"Tilbys ikke på skolen"
"p_28";5;"Har ikke bestemt meg"
"p_29";1;"Har faget dette skoleåret"
"p_29";2;"Hadde på VG 1"
"p_29";3;"Skal velge neste skoleår"
"p_29";4;"Tilbys ikke på skolen"
"p_29";5;"Har ikke bestemt meg"
"p_30";1;"Har faget dette skoleåret"
"p_30";2;"Hadde på VG 1"
"p_30";3;"Skal velge neste skoleår"
"p_30";4;"Tilbys ikke på skolen"
"p_30";5;"Har ikke bestemt meg"
"p_31";1;"Har faget dette skoleåret"
"p_31";2;"Hadde på VG 1"
"p_31";3;"Skal velge neste skoleår"
"p_31";4;"Tilbys ikke på skolen"
"p_31";5;"Har ikke bestemt meg"
"p_32";1;"Har faget dette skoleåret"
"p_32";2;"Hadde på VG 1"
"p_32";3;"Skal velge neste skoleår"
"p_32";4;"Tilbys ikke på skolen"
"p_32";5;"Har ikke bestemt meg"
"p_33";1;"Har faget dette skoleåret"
"p_33";2;"Hadde på VG 1"
"p_33";3;"Skal velge neste skoleår"
"p_33";4;"Tilbys ikke på skolen"
"p_33";5;"Har ikke bestemt meg"
"p_34";1;"Har faget dette skoleåret"
"p_34";2;"Hadde på VG 1"
"p_34";3;"Skal velge neste skoleår"
"p_34";4;"Tilbys ikke på skolen"
"p_34";5;"Har ikke bestemt meg"
"p_35";1;"Har faget dette skoleåret"
"p_35";2;"Hadde på VG 1"
"p_35";3;"Skal velge neste skoleår"
"p_35";4;"Tilbys ikke på skolen"
"p_35";5;"Har ikke bestemt meg"
"p_36";1;"Har faget dette skoleåret"
"p_36";2;"Hadde på VG 1"
"p_36";3;"Skal velge neste skoleår"
"p_36";4;"Tilbys ikke på skolen"
"p_36";5;"Har ikke bestemt meg"
"p_37";1;"Har faget dette skoleåret"
"p_37";2;"Hadde på VG 1"
"p_37";3;"Skal velge neste skoleår"
"p_37";4;"Tilbys ikke på skolen"
"p_37";5;"Har ikke bestemt meg"
"p_38";1;"Har faget dette skoleåret"
"p_38";2;"Hadde på VG 1"
"p_38";3;"Skal velge neste skoleår"
"p_38";4;"Tilbys ikke på skolen"
"p_38";5;"Har ikke bestemt meg"
"p_39";1;"Har faget dette skoleåret"
"p_39";2;"Hadde på VG 1"
"p_39";3;"Skal velge neste skoleår"
"p_39";4;"Tilbys ikke på skolen"
"p_39";5;"Har ikke bestemt meg"
"p_40";1;"Har faget dette skoleåret"
"p_40";2;"Hadde på VG 1"
"p_40";3;"Skal velge neste skoleår"
"p_40";4;"Tilbys ikke på skolen"
"p_40";5;"Har ikke bestemt meg"
"p_41";1;"Har faget dette skoleåret"
"p_41";2;"Hadde på VG 1"
"p_41";3;"Skal velge neste skoleår"
"p_41";4;"Tilbys ikke på skolen"
"p_41";5;"Har ikke bestemt meg"
"p_42";1;"Har faget dette skoleåret"
"p_42";2;"Hadde på VG 1"
"p_42";3;"Skal velge neste skoleår"
"p_42";4;"Tilbys ikke på skolen"
"p_42";5;"Har ikke bestemt meg"
"p_43";1;"Har faget dette skoleåret"
"p_43";2;"Hadde på VG 1"
"p_43";3;"Skal velge neste skoleår"
"p_43";4;"Tilbys ikke på skolen"
"p_43";5;"Har ikke bestemt meg"
"p_44";1;"Har faget dette skoleåret"
"p_44";2;"Hadde på VG 1"
"p_44";3;"Skal velge neste skoleår"
"p_44";4;"Tilbys ikke på skolen"
"p_44";5;"Har ikke bestemt meg"
"p_45";1;"Har faget dette skoleåret"
"p_45";2;"Hadde på VG 1"
"p_45";3;"Skal velge neste skoleår"
"p_45";4;"Tilbys ikke på skolen"
"p_45";5;"Har ikke bestemt meg"
"p_46";1;"Har faget dette skoleåret"
"p_46";2;"Hadde på VG 1"
"p_46";3;"Skal velge neste skoleår"
"p_46";4;"Tilbys ikke på skolen"
"p_46";5;"Har ikke bestemt meg"
"p_47";1;"Har faget dette skoleåret"
"p_47";2;"Hadde på VG 1"
"p_47";3;"Skal velge neste skoleår"
"p_47";4;"Tilbys ikke på skolen"
"p_47";5;"Har ikke bestemt meg"
"p_48";1;"Har faget dette skoleåret"
"p_48";2;"Hadde på VG 1"
"p_48";3;"Skal velge neste skoleår"
"p_48";4;"Tilbys ikke på skolen"
"p_48";5;"Har ikke bestemt meg"
"p_49";1;"Har faget dette skoleåret"
"p_49";2;"Hadde på VG 1"
"p_49";3;"Skal velge neste skoleår"
"p_49";4;"Tilbys ikke på skolen"
"p_49";5;"Har ikke bestemt meg"
"p_50";1;"Har faget dette skoleåret"
"p_50";2;"Hadde på VG 1"
"p_50";3;"Skal velge neste skoleår"
"p_50";4;"Tilbys ikke på skolen"
"p_50";5;"Har ikke bestemt meg"
"p_51";1;"Har faget dette skoleåret"
"p_51";2;"Hadde på VG 1"
"p_51";3;"Skal velge neste skoleår"
"p_51";4;"Tilbys ikke på skolen"
"p_51";5;"Har ikke bestemt meg"
"p_52";1;"Har faget dette skoleåret"
"p_52";2;"Hadde på VG 1"
"p_52";3;"Skal velge neste skoleår"
"p_52";4;"Tilbys ikke på skolen"
"p_52";5;"Har ikke bestemt meg"
"p_53";1;"Har faget dette skoleåret"
"p_53";2;"Hadde på VG 1"
"p_53";3;"Skal velge neste skoleår"
"p_53";4;"Tilbys ikke på skolen"
"p_53";5;"Har ikke bestemt meg"
"p_54";1;"Har faget dette skoleåret"
"p_54";2;"Hadde på VG 1"
"p_54";3;"Skal velge neste skoleår"
"p_54";4;"Tilbys ikke på skolen"
"p_54";5;"Har ikke bestemt meg"
"p_55";1;"Har faget dette skoleåret"
"p_55";2;"Hadde på VG 1"
"p_55";3;"Skal velge neste skoleår"
"p_55";4;"Tilbys ikke på skolen"
"p_55";5;"Har ikke bestemt meg"
"p_56";1;"Har faget dette skoleåret"
"p_56";2;"Hadde på VG 1"
"p_56";3;"Skal velge neste skoleår"
"p_56";4;"Tilbys ikke på skolen"
"p_56";5;"Har ikke bestemt meg"
"p_57";1;"Har faget dette skoleåret"
"p_57";2;"Hadde på VG 1"
"p_57";3;"Skal velge neste skoleår"
"p_57";4;"Tilbys ikke på skolen"
"p_57";5;"Har ikke bestemt meg"
"p_58";1;"Har faget dette skoleåret"
"p_58";2;"Hadde på VG 1"
"p_58";3;"Skal velge neste skoleår"
"p_58";4;"Tilbys ikke på skolen"
"p_58";5;"Har ikke bestemt meg"
"pb_1";63;"Matematikk 2P"
"pb_1";5;"Matematikk R1 "
"pb_1";6;"Matematikk R2 "
"pb_1";7;"Matematikk S1 "
"pb_1";8;"Matematikk S2 "
"pb_1";9;"Matematikk X "
"pb_1";10;"Programmering og modellering X "
"pb_1";11;"Biologi 1 "
"pb_1";12;"Biologi 2 "
"pb_1";13;"Fysikk 1 "
"pb_1";14;"Fysikk 2 "
"pb_1";15;"Geofag X "
"pb_1";16;"Geofag 1 "
"pb_1";17;"Geofag 2 "
"pb_1";18;"Informasjonsteknologi 1 "
"pb_1";19;"Informasjonsteknologi 2 "
"pb_1";20;"Kjemi 1 "
"pb_1";21;"Kjemi 2 "
"pb_1";22;"Teknologi og forskningslære X "
"pb_1";23;"Teknologi og forskningslære 1 "
"pb_1";24;"Teknologi og forskningslære 2 "
"pb_1";25;"Antikkens kultur "
"pb_1";26;"Latin 1 eller gresk 1 "
"pb_1";27;"Latin 2 eller gresk 2 "
"pb_1";28;"Internasjonal engelsk "
"pb_1";29;"Samfunnsfaglig engelsk "
"pb_1";30;"Engelskspråklig litteratur og kultur  "
"pb_1";61;"Engelsk 1"
"pb_1";62;"Engelsk 2"
"pb_1";31;"Entreprenørskap og bedriftsutvikling 1 "
"pb_1";32;"Entreprenørskap og bedriftsutvikling 2 "
"pb_1";33;"Fremmedspråk nivå I "
"pb_1";34;"Fremmedspråk nivå II "
"pb_1";35;"Fremmedspråk nivå III "
"pb_1";36;"Historie og filosofi 1 "
"pb_1";37;"Historie og filosofi 2 "
"pb_1";38;"Kommunikasjon og kultur 1 "
"pb_1";39;"Kommunikasjon og kultur 2 "
"pb_1";40;"Kommunikasjon og kultur 3 "
"pb_1";41;"Markedsføring og ledelse 1 "
"pb_1";42;"Markedsføring og ledelse 2 "
"pb_1";43;"Medie- og informasjonskunnskap 1 "
"pb_1";44;"Medie- og informasjonskunnskap 2 "
"pb_1";45;"Økonomistyring "
"pb_1";46;"Økonomi og ledelse "
"pb_1";47;"Sosialkunnskap "
"pb_1";48;"Samfunnsgeografi "
"pb_1";49;"Sosiologi og sosialantropologi "
"pb_1";50;"Politikk og menneskerettigheter "
"pb_1";51;"Psykologi 1 "
"pb_1";52;"Psykologi 2 "
"pb_1";53;"Reiseliv og språk 1 "
"pb_1";54;"Reiseliv og språk 2 "
"pb_1";55;"Rettslære 1 "
"pb_1";56;"Rettslære 2 "
"pb_1";57;"Samfunnsøkonomi 1 "
"pb_1";58;"Samfunnsøkonomi 2 "
"pb_1";59;"Samisk historie og samfunn 1 "
"pb_1";60;"Samisk historie og samfunn 2 "
"i_01";1;"I liten grad"
"i_01";2;"2"
"i_01";3;"3"
"i_01";4;"I stor grad"
"i_02";1;"I liten grad"
"i_02";2;"2"
"i_02";3;"3"
"i_02";4;"I stor grad"
"i_03";1;"I liten grad"
"i_03";2;"2"
"i_03";3;"3"
"i_03";4;"I stor grad"
"i_04";1;"I liten grad"
"i_04";2;"2"
"i_04";3;"3"
"i_04";4;"I stor grad"
"i_05";1;"I liten grad"
"i_05";2;"2"
"i_05";3;"3"
"i_05";4;"I stor grad"
"i_06";1;"I liten grad"
"i_06";2;"2"
"i_06";3;"3"
"i_06";4;"I stor grad"
"i_07";1;"I liten grad"
"i_07";2;"2"
"i_07";3;"3"
"i_07";4;"I stor grad"
"i_08";1;"I liten grad"
"i_08";2;"2"
"i_08";3;"3"
"i_08";4;"I stor grad"
"i_09";1;"I liten grad"
"i_09";2;"2"
"i_09";3;"3"
"i_09";4;"I stor grad"
"i_10";1;"I liten grad"
"i_10";2;"2"
"i_10";3;"3"
"i_10";4;"I stor grad"
"i_11";1;"I liten grad"
"i_11";2;"2"
"i_11";3;"3"
"i_11";4;"I stor grad"
"i_12";1;"I liten grad"
"i_12";2;"2"
"i_12";3;"3"
"i_12";4;"I stor grad"
"i_13";1;"I liten grad"
"i_13";2;"2"
"i_13";3;"3"
"i_13";4;"I stor grad"
"i_14";1;"I liten grad"
"i_14";2;"2"
"i_14";3;"3"
"i_14";4;"I stor grad"
"i_15";1;"I liten grad"
"i_15";2;"2"
"i_15";3;"3"
"i_15";4;"I stor grad"
"i_16";1;"I liten grad"
"i_16";2;"2"
"i_16";3;"3"
"i_16";4;"I stor grad"
"i_17";1;"I liten grad"
"i_17";2;"2"
"i_17";3;"3"
"i_17";4;"I stor grad"
"i_18";1;"I liten grad"
"i_18";2;"2"
"i_18";3;"3"
"i_18";4;"I stor grad"
"fp_01";1;"Ikke viktig"
"fp_01";2;"Litt viktig"
"fp_01";3;"Ganske viktig"
"fp_01";4;"Veldig viktig"
"fp_02";1;"Ikke viktig"
"fp_02";2;"Litt viktig"
"fp_02";3;"Ganske viktig"
"fp_02";4;"Veldig viktig"
"fp_03";1;"Ikke viktig"
"fp_03";2;"Litt viktig"
"fp_03";3;"Ganske viktig"
"fp_03";4;"Veldig viktig"
"fp_04";1;"Ikke viktig"
"fp_04";2;"Litt viktig"
"fp_04";3;"Ganske viktig"
"fp_04";4;"Veldig viktig"
"fp_05";1;"Ikke viktig"
"fp_05";2;"Litt viktig"
"fp_05";3;"Ganske viktig"
"fp_05";4;"Veldig viktig"
"fp_06";1;"Ikke viktig"
"fp_06";2;"Litt viktig"
"fp_06";3;"Ganske viktig"
"fp_06";4;"Veldig viktig"
"fp_07";1;"Ikke viktig"
"fp_07";2;"Litt viktig"
"fp_07";3;"Ganske viktig"
"fp_07";4;"Veldig viktig"
"fp_08";1;"Ikke viktig"
"fp_08";2;"Litt viktig"
"fp_08";3;"Ganske viktig"
"fp_08";4;"Veldig viktig"
"fp_09";1;"Ikke viktig"
"fp_09";2;"Litt viktig"
"fp_09";3;"Ganske viktig"
"fp_09";4;"Veldig viktig"
"fp_10";1;"Ikke viktig"
"fp_10";2;"Litt viktig"
"fp_10";3;"Ganske viktig"
"fp_10";4;"Veldig viktig"
"fp_11";1;"Ikke viktig"
"fp_11";2;"Litt viktig"
"fp_11";3;"Ganske viktig"
"fp_11";4;"Veldig viktig"
"fp_12";1;"Ikke viktig"
"fp_12";2;"Litt viktig"
"fp_12";3;"Ganske viktig"
"fp_12";4;"Veldig viktig"
"fp_13";1;"Ikke viktig"
"fp_13";2;"Litt viktig"
"fp_13";3;"Ganske viktig"
"fp_13";4;"Veldig viktig"
"fp_14";1;"Ikke viktig"
"fp_14";2;"Litt viktig"
"fp_14";3;"Ganske viktig"
"fp_14";4;"Veldig viktig"
"fp_15";1;"Ikke viktig"
"fp_15";2;"Litt viktig"
"fp_15";3;"Ganske viktig"
"fp_15";4;"Veldig viktig"
"fp_16";1;"Ikke viktig"
"fp_16";2;"Litt viktig"
"fp_16";3;"Ganske viktig"
"fp_16";4;"Veldig viktig"
"fp_17";1;"Ikke viktig"
"fp_17";2;"Litt viktig"
"fp_17";3;"Ganske viktig"
"fp_17";4;"Veldig viktig"
"fp_18";1;"Ikke viktig"
"fp_18";2;"Litt viktig"
"fp_18";3;"Ganske viktig"
"fp_18";4;"Veldig viktig"
"fp_19";1;"Ikke viktig"
"fp_19";2;"Litt viktig"
"fp_19";3;"Ganske viktig"
"fp_19";4;"Veldig viktig"
"up_01";1;"Helt uenig"
"up_01";2;"Uenig"
"up_01";3;"Enig"
"up_01";4;"Helt enig"
"up_02";1;"Helt uenig"
"up_02";2;"Uenig"
"up_02";3;"Enig"
"up_02";4;"Helt enig"
"up_03";1;"Helt uenig"
"up_03";2;"Uenig"
"up_03";3;"Enig"
"up_03";4;"Helt enig"
"up_04";1;"Helt uenig"
"up_04";2;"Uenig"
"up_04";3;"Enig"
"up_04";4;"Helt enig"
"up_05";1;"Helt uenig"
"up_05";2;"Uenig"
"up_05";3;"Enig"
"up_05";4;"Helt enig"
"up_06";1;"Helt uenig"
"up_06";2;"Uenig"
"up_06";3;"Enig"
"up_06";4;"Helt enig"
"up_07";1;"Helt uenig"
"up_07";2;"Uenig"
"up_07";3;"Enig"
"up_07";4;"Helt enig"
"up_08";1;"Helt uenig"
"up_08";2;"Uenig"
"up_08";3;"Enig"
"up_08";4;"Helt enig"
"up_09";1;"Helt uenig"
"up_09";2;"Uenig"
"up_09";3;"Enig"
"up_09";4;"Helt enig"
"up_10";1;"Helt uenig"
"up_10";2;"Uenig"
"up_10";3;"Enig"
"up_10";4;"Helt enig"
"up_11";1;"Helt uenig"
"up_11";2;"Uenig"
"up_11";3;"Enig"
"up_11";4;"Helt enig"
"up_12";1;"Helt uenig"
"up_12";2;"Uenig"
"up_12";3;"Enig"
"up_12";4;"Helt enig"
"up_13";1;"Helt uenig"
"up_13";2;"Uenig"
"up_13";3;"Enig"
"up_13";4;"Helt enig"
"up_14";1;"Helt uenig"
"up_14";2;"Uenig"
"up_14";3;"Enig"
"up_14";4;"Helt enig"
"hm_1";1;"Helt uenig"
"hm_1";2;"Uenig"
"hm_1";3;"Enig"
"hm_1";4;"Helt enig"
"hm_2";1;"Helt uenig"
"hm_2";2;"Uenig"
"hm_2";3;"Enig"
"hm_2";4;"Helt enig"
"hm_3";1;"Helt uenig"
"hm_3";2;"Uenig"
"hm_3";3;"Enig"
"hm_3";4;"Helt enig"
"hm_4";1;"Helt uenig"
"hm_4";2;"Uenig"
"hm_4";3;"Enig"
"hm_4";4;"Helt enig"
"hm_5";1;"Helt uenig"
"hm_5";2;"Uenig"
"hm_5";3;"Enig"
"hm_5";4;"Helt enig"
"hm_6";1;"Helt uenig"
"hm_6";2;"Uenig"
"hm_6";3;"Enig"
"hm_6";4;"Helt enig"
"hm_7";1;"Helt uenig"
"hm_7";2;"Uenig"
"hm_7";3;"Enig"
"hm_7";4;"Helt enig"
"hn_1";1;"Helt uenig"
"hn_1";2;"Uenig"
"hn_1";3;"Enig"
"hn_1";4;"Helt enig"
"hn_2";1;"Helt uenig"
"hn_2";2;"Uenig"
"hn_2";3;"Enig"
"hn_2";4;"Helt enig"
"hn_3";1;"Helt uenig"
"hn_3";2;"Uenig"
"hn_3";3;"Enig"
"hn_3";4;"Helt enig"
"hn_4";1;"Helt uenig"
"hn_4";2;"Uenig"
"hn_4";3;"Enig"
"hn_4";4;"Helt enig"
"hn_5";1;"Helt uenig"
"hn_5";2;"Uenig"
"hn_5";3;"Enig"
"hn_5";4;"Helt enig"
"hn_6";1;"Helt uenig"
"hn_6";2;"Uenig"
"hn_6";3;"Enig"
"hn_6";4;"Helt enig"
"hn_7";1;"Helt uenig"
"hn_7";2;"Uenig"
"hn_7";3;"Enig"
"hn_7";4;"Helt enig"
"b_1";1;"Jente"
"b_1";2;"Gutt"
"b_1";3;"Annet/vil ikke svare"
"b_2";1;"Høyskole eller universitet i 5 år eller mer "
"b_2";2;"Høyskole eller universitet i 3-4 år "
"b_2";3;"Kort fagskole- eller høyere utdanning (etter videregående) på 1 til 2 år "
"b_2";4;"Videregående opplæring i skole eller fagopplæring "
"b_2";5;"Grunnskole "
"b_2";6;"Ikke relevant/ vet ikke "
"b_3";1;"Høyskole eller universitet i 5 år eller mer "
"b_3";2;"Høyskole eller universitet i 3-4 år "
"b_3";3;"Kort fagskole- eller høyere utdanning (etter videregående) på 1 til 2 år "
"b_3";4;"Videregående opplæring i skole eller fagopplæring "
"b_3";5;"Grunnskole "
"b_3";6;"Ikke relevant/ vet ikke "
"b_4";1;"Ja "
"b_4";2;"Nei"
"b_4";3;"Ikke relevant/ vet ikke"
"b_5";1;"Ja "
"b_5";2;"Nei"
"b_5";3;"Ikke relevant/ vet ikke"
"b_6_1";1;"Norge"
"b_6_1";2;"Sverige eller Danmark"
"b_6_1";3;"Annet europeisk land"
"b_6_1";4;"Asia"
"b_6_1";5;"Australia, New Zealand Canada eller USA"
"b_6_1";6;"Afrika"
"b_6_1";7;"Sør-Amerika"
"b_6_1";8;"Ikke relevant/ vet ikke"
"b_6_2";1;"Norge"
"b_6_2";2;"Sverige eller Danmark"
"b_6_2";3;"Annet europeisk land"
"b_6_2";4;"Asia"
"b_6_2";5;"Australia, New Zealand Canada eller USA"
"b_6_2";6;"Afrika"
"b_6_2";7;"Sør-Amerika"
"b_6_2";8;"Ikke relevant/ vet ikke"
"b_6_3";1;"Norge"
"b_6_3";2;"Sverige eller Danmark"
"b_6_3";3;"Annet europeisk land"
"b_6_3";4;"Asia"
"b_6_3";5;"Australia, New Zealand Canada eller USA"
"b_6_3";6;"Afrika"
"b_6_3";7;"Sør-Amerika"
"b_6_3";8;"Ikke relevant/ vet ikke"
"b_7_1";1;"1"
"b_7_1";2;"2"
"b_7_1";3;"3"
"b_7_1";4;"4"
"b_7_1";5;"5"
"b_7_1";6;"6"
"b_7_1";7;"Ikke fått karakter"
"b_7_2";1;"1"
"b_7_2";2;"2"
"b_7_2";3;"3"
"b_7_2";4;"4"
"b_7_2";5;"5"
"b_7_2";6;"6"
"b_7_2";7;"Ikke fått karakter"
"b_7_3";1;"1"
"b_7_3";2;"2"
"b_7_3";3;"3"
"b_7_3";4;"4"
"b_7_3";5;"5"
"b_7_3";6;"6"
"b_7_3";7;"Ikke fått karakter"
"b_7_4";1;"1"
"b_7_4";2;"2"
"b_7_4";3;"3"
"b_7_4";4;"4"
"b_7_4";5;"5"
"b_7_4";6;"6"
"b_7_4";7;"Ikke fått karakter"
"b_8_1";1;"1"
"b_8_1";2;"2"
"b_8_1";3;"3"
"b_8_1";4;"4"
"b_8_1";5;"5"
"b_8_1";6;"6"
"b_8_1";7;"Får ikke karakter"
"b_8_2";1;"1"
"b_8_2";2;"2"
"b_8_2";3;"3"
"b_8_2";4;"4"
"b_8_2";5;"5"
"b_8_2";6;"6"
"b_8_2";7;"Får ikke karakter"
"b_8_3";1;"1"
"b_8_3";2;"2"
"b_8_3";3;"3"
"b_8_3";4;"4"
"b_8_3";5;"5"
"b_8_3";6;"6"
"b_8_3";7;"Får ikke karakter"
"bp_00";1;"1"
"bp_00";2;"2"
"bp_00";3;"3"
"bp_00";4;"4"
"bp_00";5;"5"
"bp_00";6;"6"
"bp_00";7;"Får ikke karakter"
"bp_01";1;"1"
"bp_01";2;"2"
"bp_01";3;"3"
"bp_01";4;"4"
"bp_01";5;"5"
"bp_01";6;"6"
"bp_01";7;"Får ikke karakter"
"bp_02";1;"1"
"bp_02";2;"2"
"bp_02";3;"3"
"bp_02";4;"4"
"bp_02";5;"5"
"bp_02";6;"6"
"bp_02";7;"Får ikke karakter"
"bp_03";1;"1"
"bp_03";2;"2"
"bp_03";3;"3"
"bp_03";4;"4"
"bp_03";5;"5"
"bp_03";6;"6"
"bp_03";7;"Får ikke karakter"
"bp_04";1;"1"
"bp_04";2;"2"
"bp_04";3;"3"
"bp_04";4;"4"
"bp_04";5;"5"
"bp_04";6;"6"
"bp_04";7;"Får ikke karakter"
"bp_05";1;"1"
"bp_05";2;"2"
"bp_05";3;"3"
"bp_05";4;"4"
"bp_05";5;"5"
"bp_05";6;"6"
"bp_05";7;"Får ikke karakter"
"bp_06";1;"1"
"bp_06";2;"2"
"bp_06";3;"3"
"bp_06";4;"4"
"bp_06";5;"5"
"bp_06";6;"6"
"bp_06";7;"Får ikke karakter"
"bp_07";1;"1"
"bp_07";2;"2"
"bp_07";3;"3"
"bp_07";4;"4"
"bp_07";5;"5"
"bp_07";6;"6"
"bp_07";7;"Får ikke karakter"
"bp_08";1;"1"
"bp_08";2;"2"
"bp_08";3;"3"
"bp_08";4;"4"
"bp_08";5;"5"
"bp_08";6;"6"
"bp_08";7;"Får ikke karakter"
"bp_09";1;"1"
"bp_09";2;"2"
"bp_09";3;"3"
"bp_09";4;"4"
"bp_09";5;"5"
"bp_09";6;"6"
"bp_09";7;"Får ikke karakter"
"bp_10";1;"1"
"bp_10";2;"2"
"bp_10";3;"3"
"bp_10";4;"4"
"bp_10";5;"5"
"bp_10";6;"6"
"bp_10";7;"Får ikke karakter"
"bp_11";1;"1"
"bp_11";2;"2"
"bp_11";3;"3"
"bp_11";4;"4"
"bp_11";5;"5"
"bp_11";6;"6"
"bp_11";7;"Får ikke karakter"
"bp_12";1;"1"
"bp_12";2;"2"
"bp_12";3;"3"
"bp_12";4;"4"
"bp_12";5;"5"
"bp_12";6;"6"
"bp_12";7;"Får ikke karakter"
"bp_13";1;"1"
"bp_13";2;"2"
"bp_13";3;"3"
"bp_13";4;"4"
"bp_13";5;"5"
"bp_13";6;"6"
"bp_13";7;"Får ikke karakter"
"bp_14";1;"1"
"bp_14";2;"2"
"bp_14";3;"3"
"bp_14";4;"4"
"bp_14";5;"5"
"bp_14";6;"6"
"bp_14";7;"Får ikke karakter"
"bp_15";1;"1"
"bp_15";2;"2"
"bp_15";3;"3"
"bp_15";4;"4"
"bp_15";5;"5"
"bp_15";6;"6"
"bp_15";7;"Får ikke karakter"
"bp_16";1;"1"
"bp_16";2;"2"
"bp_16";3;"3"
"bp_16";4;"4"
"bp_16";5;"5"
"bp_16";6;"6"
"bp_16";7;"Får ikke karakter"
"bp_17";1;"1"
"bp_17";2;"2"
"bp_17";3;"3"
"bp_17";4;"4"
"bp_17";5;"5"
"bp_17";6;"6"
"bp_17";7;"Får ikke karakter"
"bp_18";1;"1"
"bp_18";2;"2"
"bp_18";3;"3"
"bp_18";4;"4"
"bp_18";5;"5"
"bp_18";6;"6"
"bp_18";7;"Får ikke karakter"
"bp_19";1;"1"
"bp_19";2;"2"
"bp_19";3;"3"
"bp_19";4;"4"
"bp_19";5;"5"
"bp_19";6;"6"
"bp_19";7;"Får ikke karakter"
"bp_20";1;"1"
"bp_20";2;"2"
"bp_20";3;"3"
"bp_20";4;"4"
"bp_20";5;"5"
"bp_20";6;"6"
"bp_20";7;"Får ikke karakter"
"bp_21";1;"1"
"bp_21";2;"2"
"bp_21";3;"3"
"bp_21";4;"4"
"bp_21";5;"5"
"bp_21";6;"6"
"bp_21";7;"Får ikke karakter"
"bp_22";1;"1"
"bp_22";2;"2"
"bp_22";3;"3"
"bp_22";4;"4"
"bp_22";5;"5"
"bp_22";6;"6"
"bp_22";7;"Får ikke karakter"
"bp_23";1;"1"
"bp_23";2;"2"
"bp_23";3;"3"
"bp_23";4;"4"
"bp_23";5;"5"
"bp_23";6;"6"
"bp_23";7;"Får ikke karakter"
"bp_24";1;"1"
"bp_24";2;"2"
"bp_24";3;"3"
"bp_24";4;"4"
"bp_24";5;"5"
"bp_24";6;"6"
"bp_24";7;"Får ikke karakter"
"bp_25";1;"1"
"bp_25";2;"2"
"bp_25";3;"3"
"bp_25";4;"4"
"bp_25";5;"5"
"bp_25";6;"6"
"bp_25";7;"Får ikke karakter"
"bp_26";1;"1"
"bp_26";2;"2"
"bp_26";3;"3"
"bp_26";4;"4"
"bp_26";5;"5"
"bp_26";6;"6"
"bp_26";7;"Får ikke karakter"
"bp_27";1;"1"
"bp_27";2;"2"
"bp_27";3;"3"
"bp_27";4;"4"
"bp_27";5;"5"
"bp_27";6;"6"
"bp_27";7;"Får ikke karakter"
"bp_28";1;"1"
"bp_28";2;"2"
"bp_28";3;"3"
"bp_28";4;"4"
"bp_28";5;"5"
"bp_28";6;"6"
"bp_28";7;"Får ikke karakter"
"bp_29";1;"1"
"bp_29";2;"2"
"bp_29";3;"3"
"bp_29";4;"4"
"bp_29";5;"5"
"bp_29";6;"6"
"bp_29";7;"Får ikke karakter"
"bp_30";1;"1"
"bp_30";2;"2"
"bp_30";3;"3"
"bp_30";4;"4"
"bp_30";5;"5"
"bp_30";6;"6"
"bp_30";7;"Får ikke karakter"
"bp_31";1;"1"
"bp_31";2;"2"
"bp_31";3;"3"
"bp_31";4;"4"
"bp_31";5;"5"
"bp_31";6;"6"
"bp_31";7;"Får ikke karakter"
"bp_32";1;"1"
"bp_32";2;"2"
"bp_32";3;"3"
"bp_32";4;"4"
"bp_32";5;"5"
"bp_32";6;"6"
"bp_32";7;"Får ikke karakter"
"bp_33";1;"1"
"bp_33";2;"2"
"bp_33";3;"3"
"bp_33";4;"4"
"bp_33";5;"5"
"bp_33";6;"6"
"bp_33";7;"Får ikke karakter"
"bp_34";1;"1"
"bp_34";2;"2"
"bp_34";3;"3"
"bp_34";4;"4"
"bp_34";5;"5"
"bp_34";6;"6"
"bp_34";7;"Får ikke karakter"
"bp_35";1;"1"
"bp_35";2;"2"
"bp_35";3;"3"
"bp_35";4;"4"
"bp_35";5;"5"
"bp_35";6;"6"
"bp_35";7;"Får ikke karakter"
"bp_36";1;"1"
"bp_36";2;"2"
"bp_36";3;"3"
"bp_36";4;"4"
"bp_36";5;"5"
"bp_36";6;"6"
"bp_36";7;"Får ikke karakter"
"bp_37";1;"1"
"bp_37";2;"2"
"bp_37";3;"3"
"bp_37";4;"4"
"bp_37";5;"5"
"bp_37";6;"6"
"bp_37";7;"Får ikke karakter"
"bp_38";1;"1"
"bp_38";2;"2"
"bp_38";3;"3"
"bp_38";4;"4"
"bp_38";5;"5"
"bp_38";6;"6"
"bp_38";7;"Får ikke karakter"
"bp_39";1;"1"
"bp_39";2;"2"
"bp_39";3;"3"
"bp_39";4;"4"
"bp_39";5;"5"
"bp_39";6;"6"
"bp_39";7;"Får ikke karakter"
"bp_40";1;"1"
"bp_40";2;"2"
"bp_40";3;"3"
"bp_40";4;"4"
"bp_40";5;"5"
"bp_40";6;"6"
"bp_40";7;"Får ikke karakter"
"bp_41";1;"1"
"bp_41";2;"2"
"bp_41";3;"3"
"bp_41";4;"4"
"bp_41";5;"5"
"bp_41";6;"6"
"bp_41";7;"Får ikke karakter"
"bp_42";1;"1"
"bp_42";2;"2"
"bp_42";3;"3"
"bp_42";4;"4"
"bp_42";5;"5"
"bp_42";6;"6"
"bp_42";7;"Får ikke karakter"
"bp_43";1;"1"
"bp_43";2;"2"
"bp_43";3;"3"
"bp_43";4;"4"
"bp_43";5;"5"
"bp_43";6;"6"
"bp_43";7;"Får ikke karakter"
"bp_44";1;"1"
"bp_44";2;"2"
"bp_44";3;"3"
"bp_44";4;"4"
"bp_44";5;"5"
"bp_44";6;"6"
"bp_44";7;"Får ikke karakter"
"bp_45";1;"1"
"bp_45";2;"2"
"bp_45";3;"3"
"bp_45";4;"4"
"bp_45";5;"5"
"bp_45";6;"6"
"bp_45";7;"Får ikke karakter"
"bp_46";1;"1"
"bp_46";2;"2"
"bp_46";3;"3"
"bp_46";4;"4"
"bp_46";5;"5"
"bp_46";6;"6"
"bp_46";7;"Får ikke karakter"
"bp_47";1;"1"
"bp_47";2;"2"
"bp_47";3;"3"
"bp_47";4;"4"
"bp_47";5;"5"
"bp_47";6;"6"
"bp_47";7;"Får ikke karakter"
"bp_48";1;"1"
"bp_48";2;"2"
"bp_48";3;"3"
"bp_48";4;"4"
"bp_48";5;"5"
"bp_48";6;"6"
"bp_48";7;"Får ikke karakter"
"bp_49";1;"1"
"bp_49";2;"2"
"bp_49";3;"3"
"bp_49";4;"4"
"bp_49";5;"5"
"bp_49";6;"6"
"bp_49";7;"Får ikke karakter"
"bp_50";1;"1"
"bp_50";2;"2"
"bp_50";3;"3"
"bp_50";4;"4"
"bp_50";5;"5"
"bp_50";6;"6"
"bp_50";7;"Får ikke karakter"
"bp_51";1;"1"
"bp_51";2;"2"
"bp_51";3;"3"
"bp_51";4;"4"
"bp_51";5;"5"
"bp_51";6;"6"
"bp_51";7;"Får ikke karakter"
"bp_52";1;"1"
"bp_52";2;"2"
"bp_52";3;"3"
"bp_52";4;"4"
"bp_52";5;"5"
"bp_52";6;"6"
"bp_52";7;"Får ikke karakter"
"bp_53";1;"1"
"bp_53";2;"2"
"bp_53";3;"3"
"bp_53";4;"4"
"bp_53";5;"5"
"bp_53";6;"6"
"bp_53";7;"Får ikke karakter"
"bp_54";1;"1"
"bp_54";2;"2"
"bp_54";3;"3"
"bp_54";4;"4"
"bp_54";5;"5"
"bp_54";6;"6"
"bp_54";7;"Får ikke karakter"
"bp_55";1;"1"
"bp_55";2;"2"
"bp_55";3;"3"
"bp_55";4;"4"
"bp_55";5;"5"
"bp_55";6;"6"
"bp_55";7;"Får ikke karakter"
"bp_56";1;"1"
"bp_56";2;"2"
"bp_56";3;"3"
"bp_56";4;"4"
"bp_56";5;"5"
"bp_56";6;"6"
"bp_56";7;"Får ikke karakter"
"bp_57";1;"1"
"bp_57";2;"2"
"bp_57";3;"3"
"bp_57";4;"4"
"bp_57";5;"5"
"bp_57";6;"6"
"bp_57";7;"Får ikke karakter"
"bp_58";1;"1"
"bp_58";2;"2"
"bp_58";3;"3"
"bp_58";4;"4"
"bp_58";5;"5"
"bp_58";6;"6"
"bp_58";7;"Får ikke karakter"
"b_1_1";2;"Hemne videregående skole (Kyrksæterøra )"
"b_1_1";3;"Melhus videregående"
"b_1_1";4;"Mære Landbruksskole"
"b_1_1";5;"Tangen VGS"
"b_1_1";6;"Lillehammer videregående skole"
"b_1_1";7;"Sandnessjøen videregående skole"
"b_1_1";8;"Danielsen Intensivgymnas (privat)"
"b_1_1";9;"Hans Nielsen Hauge videregående skole"
"b_1_1";10;"Bryne vidaregåande skule"
"b_1_1";11;"Bybroen videregående"
"b_1_1";12;"Kristen videregående skole ? Nordland"
"b_1_1";13;"Malakoff videregående skole"
"b_1_1";14;"Heggen videregående skole"
"b_1_1";15;"Kvaløya videregående skole"
"b_1_1";16;"Voss gymnas"
"b_1_1";17;"Odda vidaregåande skule"
"b_1_1";18;"Heimdal VGS"
"b_1_1";19;"Steinkjer videregående skole"
"b_1_1";20;"Inderøy videregående skole"
"b_1_1";21;"Tvedestrand og Åmli videregående skole - Avd Tvedestrand"
"b_1_1";22;"Arendal videregående skole"
"b_1_1";23;"Horten videregående skole"
"b_1_1";24;"Skedsmo videregående skole"
"b_1_1";25;"Oslo Handelsgymnasium"
"b_1_1";26;"Kristiansand katedralskole Gimle"
"b_1_1";27;"Mandal videregående skole"
"b_1_1";28;"Flekkefjord videregående skole - Studiested Flekkefjord"
"b_1_1";29;"Gjøvik VGS"
"b_1_1";30;"Bodø videregående skole"
"b_1_1";31;"Fauske videregående"
"b_1_1";32;"Polarsirkelen videregående skole"
"b_1_1";33;"Kopervik VGS"
"b_1_1";34;"Samisk videregående skole og Reindriftsskole - Kautokeino"
"b_1_1";35;"Steinerskolen Stavanger"
"b_1_1";36;"Akademiet Drammen"
"b_1_1";37;"Vågen VGS"
"b_1_1";38;"Valle Hovin videregående skole"
"b_1_1";39;"Slottsfjellet videregående steinerskole"
"b_1_1";40;"Færder videregående skole"
"b_1_1";41;"Glemmen videregående skole"
"b_1_1";42;"Akademiet Ypsilon videregående skole as"
"b_1_1";43;"Moss videregående steinerskole"
"b_1_1";44;"Stiftelsen Telemark Toppidrett Gymnas"
"b_1_1";45;"St. Olav videregående skole"
"b_1_1";46;"Spjelkavik videregående skole"
"b_1_1";47;"Molde videregående skole"
"b_1_1";48;"Sygna vidaregåande skule"
"b_1_1";49;"Flora vidaregåande skule"
"b_1_1";50;"Vågsbygd videregående skole"
"b_1_1";51;"Oppdal videregående skole"
"b_1_1";52;"Byåsen videregående skole"
"b_1_1";53;"Kristen Videregående skole Trøndelag"
"b_1_1";54;"Bodin videregående skole og maritime fagskole"
"b_1_1";55;"Johan Bojer videregående skole Skolested Rissa"
"b_1_1";56;"Strinda videregående skole"
"b_1_1";57;"Sjøvegan videregående skole"
"b_1_1";58;"Johan Bojer videregående skole Skolested Leksvik"
"stato_1";0;"Ikke valgt"
"stato_1";1;"Valgt"
"stato_2";0;"Ikke valgt"
"stato_2";1;"Valgt"
"stato_3";0;"Ikke valgt"
"stato_3";1;"Valgt"
"stato_4";0;"Ikke valgt"
"stato_4";1;"Valgt"
"stato_5";0;"Ikke valgt"
"stato_5";1;"Valgt"
